{
    "name": "root",
    "gauges": {
        "ZBHCC.Policy.Entropy.mean": {
            "value": 1.426864504814148,
            "min": 1.418938398361206,
            "max": 1.4323222637176514,
            "count": 60
        },
        "ZBHCC.Policy.Entropy.sum": {
            "value": 77107.7578125,
            "min": 40018.33984375,
            "max": 94510.3515625,
            "count": 60
        },
        "ZBHCC.Policy.ExtrinsicValueEstimate.mean": {
            "value": -34554.79296875,
            "min": -37876.5390625,
            "max": -1.3147422075271606,
            "count": 60
        },
        "ZBHCC.Policy.ExtrinsicValueEstimate.sum": {
            "value": -4630342.5,
            "min": -5378468.5,
            "max": -127.52999114990234,
            "count": 60
        },
        "ZBHCC.IsTraining.mean": {
            "value": 1.0,
            "min": 1.0,
            "max": 1.0,
            "count": 60
        },
        "ZBHCC.IsTraining.sum": {
            "value": 1.0,
            "min": 1.0,
            "max": 1.0,
            "count": 60
        },
        "ZBHCC.Losses.PolicyLoss.mean": {
            "value": 0.00763266899981924,
            "min": 0.005142645353043917,
            "max": 0.010263698414200917,
            "count": 28
        },
        "ZBHCC.Losses.PolicyLoss.sum": {
            "value": 0.00763266899981924,
            "min": 0.005142645353043917,
            "max": 0.010263698414200917,
            "count": 28
        },
        "ZBHCC.Losses.ValueLoss.mean": {
            "value": 152360254.4,
            "min": 111065760.26666667,
            "max": 367610983.46666664,
            "count": 28
        },
        "ZBHCC.Losses.ValueLoss.sum": {
            "value": 152360254.4,
            "min": 111065760.26666667,
            "max": 367610983.46666664,
            "count": 28
        },
        "ZBHCC.Policy.LearningRate.mean": {
            "value": 7.655297448266649e-06,
            "min": 7.655297448266649e-06,
            "max": 0.0002889408036864,
            "count": 28
        },
        "ZBHCC.Policy.LearningRate.sum": {
            "value": 7.655297448266649e-06,
            "min": 7.655297448266649e-06,
            "max": 0.0002889408036864,
            "count": 28
        },
        "ZBHCC.Policy.Epsilon.mean": {
            "value": 0.10255173333333331,
            "min": 0.10255173333333331,
            "max": 0.19631359999999998,
            "count": 28
        },
        "ZBHCC.Policy.Epsilon.sum": {
            "value": 0.10255173333333331,
            "min": 0.10255173333333331,
            "max": 0.19631359999999998,
            "count": 28
        },
        "ZBHCC.Policy.Beta.mean": {
            "value": 0.0001373314933333331,
            "min": 0.0001373314933333331,
            "max": 0.004816048639999998,
            "count": 28
        },
        "ZBHCC.Policy.Beta.sum": {
            "value": 0.0001373314933333331,
            "min": 0.0001373314933333331,
            "max": 0.004816048639999998,
            "count": 28
        },
        "ZBHCC.Environment.EpisodeLength.mean": {
            "value": 1103.625,
            "min": 667.3333333333334,
            "max": 1199.0,
            "count": 57
        },
        "ZBHCC.Environment.EpisodeLength.sum": {
            "value": 70632.0,
            "min": 7456.0,
            "max": 134288.0,
            "count": 57
        },
        "ZBHCC.Environment.CumulativeReward.mean": {
            "value": -271440.69714749244,
            "min": -471922.90185546875,
            "max": -72657.05075073242,
            "count": 57
        },
        "ZBHCC.Environment.CumulativeReward.sum": {
            "value": -16829323.22314453,
            "min": -33543600.062316895,
            "max": -2325025.6240234375,
            "count": 57
        },
        "ZBHCC.Policy.ExtrinsicReward.mean": {
            "value": -271440.69714749244,
            "min": -471922.90185546875,
            "max": -72657.05075073242,
            "count": 57
        },
        "ZBHCC.Policy.ExtrinsicReward.sum": {
            "value": -16829323.22314453,
            "min": -33543600.062316895,
            "max": -2325025.6240234375,
            "count": 57
        }
    },
    "metadata": {
        "timer_format_version": "0.1.0",
        "start_time_seconds": "1616257213",
        "python_version": "3.7.10 (default, Feb 20 2021, 21:17:23) \n[GCC 7.5.0]",
        "command_line_arguments": "/usr/local/bin/mlagents-learn config.yaml --run-id=z2v50l30 --env=/content/builds/project.x86_64 --num-envs=16 --seed=0 --no-graphics",
        "mlagents_version": "0.25.0",
        "mlagents_envs_version": "0.25.0",
        "communication_protocol_version": "1.5.0",
        "pytorch_version": "1.8.0+cu101",
        "numpy_version": "1.19.5",
        "end_time_seconds": "1616261327"
    },
    "total": 4113.874716759,
    "count": 1,
    "self": 2.8228366219991585,
    "children": {
        "run_training.setup": {
            "total": 0.9559803940001075,
            "count": 1,
            "self": 0.9559803940001075
        },
        "TrainerController.start_learning": {
            "total": 4110.095899743001,
            "count": 1,
            "self": 2.634378438960084,
            "children": {
                "TrainerController._reset_env": {
                    "total": 11.661228543000107,
                    "count": 1,
                    "self": 11.661228543000107
                },
                "TrainerController.advance": {
                    "total": 4095.68919610204,
                    "count": 24569,
                    "self": 0.7026454890774403,
                    "children": {
                        "env_step": {
                            "total": 4094.9865506129627,
                            "count": 24569,
                            "self": 1117.5344557148983,
                            "children": {
                                "SubprocessEnvManager._take_step": {
                                    "total": 2973.369252064971,
                                    "count": 379344,
                                    "self": 62.68871549058622,
                                    "children": {
                                        "TorchPolicy.evaluate": {
                                            "total": 2910.680536574385,
                                            "count": 379344,
                                            "self": 666.1626572072901,
                                            "children": {
                                                "TorchPolicy.sample_actions": {
                                                    "total": 2244.517879367095,
                                                    "count": 379344,
                                                    "self": 2244.517879367095
                                                }
                                            }
                                        }
                                    }
                                },
                                "workers": {
                                    "total": 4.082842833093309,
                                    "count": 24569,
                                    "self": 0.0,
                                    "children": {
                                        "worker_root": {
                                            "total": 65733.75450246698,
                                            "count": 379344,
                                            "is_parallel": true,
                                            "self": 63313.456353183756,
                                            "children": {
                                                "run_training.setup": {
                                                    "total": 0.0,
                                                    "count": 0,
                                                    "is_parallel": true,